{"root":[{"assemblyName":"Unity.2D.Animation.Runtime","nameSpace":"","className":"__JobReflectionRegistrationOutput__12640072059193112690","methodName":"EarlyInit","loadTypes":2,"isUnityClass":true},{"assemblyName":"Unity.2D.Animation.Runtime","nameSpace":"","className":"$BurstDirectCallInitializer","methodName":"Initialize","loadTypes":2,"isUnityClass":true},{"assemblyName":"Unity.2D.SpriteShape.Runtime","nameSpace":"","className":"__JobReflectionRegistrationOutput__7081003197938994914","methodName":"EarlyInit","loadTypes":2,"isUnityClass":true},{"assemblyName":"Unity.2D.SpriteShape.Runtime","nameSpace":"","className":"$BurstDirectCallInitializer","methodName":"Initialize","loadTypes":2,"isUnityClass":true},{"assemblyName":"Unity.Cinemachine","nameSpace":"","className":"DeltaTimeScaleProcessor","methodName":"Initialize","loadTypes":0,"isUnityClass":true},{"assemblyName":"Unity.Cinemachine","nameSpace":"Unity.Cinemachine","className":"CinemachineStoryboard","methodName":"InitializeModule","loadTypes":0,"isUnityClass":true},{"assemblyName":"Unity.Cinemachine","nameSpace":"Unity.Cinemachine","className":"CameraUpdateManager","methodName":"InitializeModule","loadTypes":0,"isUnityClass":true},{"assemblyName":"Unity.Cinemachine","nameSpace":"Unity.Cinemachine","className":"Damper/AverageFrameRateTracker","methodName":"Initialize","loadTypes":0,"isUnityClass":true},{"assemblyName":"Unity.Cinemachine","nameSpace":"Unity.Cinemachine","className":"UpdateTracker","methodName":"InitializeModule","loadTypes":0,"isUnityClass":true},{"assemblyName":"Unity.Cinemachine","nameSpace":"Unity.Cinemachine","className":"CinemachineImpulseManager","methodName":"InitializeModule","loadTypes":0,"isUnityClass":true},{"assemblyName":"Unity.Cinemachine","nameSpace":"Unity.Cinemachine","className":"CinemachineVolumeSettings","methodName":"InitializeModule","loadTypes":0,"isUnityClass":true},{"assemblyName":"Unity.Collections","nameSpace":"","className":"__JobReflectionRegistrationOutput__1652832624114795843","methodName":"EarlyInit","loadTypes":2,"isUnityClass":true},{"assemblyName":"Unity.Collections","nameSpace":"","className":"$BurstDirectCallInitializer","methodName":"Initialize","loadTypes":2,"isUnityClass":true},{"assemblyName":"Unity.InputSystem","nameSpace":"UnityEngine.InputSystem","className":"InputSystem","methodName":"RunInitializeInPlayer","loadTypes":4,"isUnityClass":true},{"assemblyName":"Unity.InputSystem","nameSpace":"UnityEngine.InputSystem","className":"InputSystem","methodName":"RunInitialUpdate","loadTypes":1,"isUnityClass":true},{"assemblyName":"Unity.InputSystem.ForUI","nameSpace":"UnityEngine.InputSystem.Plugins.InputForUI","className":"InputSystemProvider","methodName":"Bootstrap","loadTypes":4,"isUnityClass":true},{"assemblyName":"Unity.Rendering.LightTransport.Runtime","nameSpace":"","className":"__JobReflectionRegistrationOutput__16164947281921951637","methodName":"EarlyInit","loadTypes":2,"isUnityClass":true},{"assemblyName":"Unity.RenderPipelines.Core.Runtime","nameSpace":"UnityEngine.Experimental.Rendering","className":"XRSystem","methodName":"XRSystemInit","loadTypes":3,"isUnityClass":true},{"assemblyName":"Unity.RenderPipelines.Core.Runtime","nameSpace":"UnityEngine.Rendering","className":"DebugUpdater","methodName":"RuntimeInit","loadTypes":0,"isUnityClass":true},{"assemblyName":"Unity.RenderPipelines.GPUDriven.Runtime","nameSpace":"","className":"__JobReflectionRegistrationOutput__15867191014387474753","methodName":"EarlyInit","loadTypes":2,"isUnityClass":true},{"assemblyName":"Unity.RenderPipelines.Universal.2D.Runtime","nameSpace":"","className":"$BurstDirectCallInitializer","methodName":"Initialize","loadTypes":2,"isUnityClass":true},{"assemblyName":"Unity.RenderPipelines.Universal.Runtime","nameSpace":"","className":"__JobReflectionRegistrationOutput__9266170066421048052","methodName":"EarlyInit","loadTypes":2,"isUnityClass":true},{"assemblyName":"Unity.Services.Authentication","nameSpace":"Unity.Services.Authentication","className":"AuthenticationPackageInitializer","methodName":"InitializeOnLoad","loadTypes":1,"isUnityClass":true},{"assemblyName":"Unity.Services.Authentication.PlayerAccounts","nameSpace":"Unity.Services.Authentication.PlayerAccounts","className":"PlayerAccountsPackageInitializer","methodName":"InitializeOnLoad","loadTypes":1,"isUnityClass":true},{"assemblyName":"Unity.Services.CloudSave","nameSpace":"Unity.Services.CloudSave","className":"CloudSaveInitializer","methodName":"InitializeOnLoad","loadTypes":1,"isUnityClass":true},{"assemblyName":"Unity.Services.CloudSave","nameSpace":"Unity.Services.CloudSave.Internal.Scheduler","className":"EngineStateHelper","methodName":"Init","loadTypes":1,"isUnityClass":true},{"assemblyName":"Unity.Services.CloudSave","nameSpace":"Unity.Services.CloudSave.Internal.Scheduler","className":"ThreadHelper","methodName":"Init","loadTypes":1,"isUnityClass":true},{"assemblyName":"Unity.Services.CloudSave","nameSpace":"Unity.Services.CloudSave.Internal.Http","className":"JsonHelpers","methodName":"RegisterTypesForAOT","loadTypes":3,"isUnityClass":true},{"assemblyName":"Unity.Services.Core","nameSpace":"Unity.Services.Core","className":"UnityThreadUtils","methodName":"CaptureUnityThreadInfo","loadTypes":4,"isUnityClass":true},{"assemblyName":"Unity.Services.Core.Internal","nameSpace":"Unity.Services.Core.Internal","className":"TaskAsyncOperation","methodName":"SetScheduler","loadTypes":1,"isUnityClass":true},{"assemblyName":"Unity.Services.Core.Internal","nameSpace":"Unity.Services.Core.Internal","className":"UnityServicesInitializer","methodName":"CreateStaticInstance","loadTypes":2,"isUnityClass":true},{"assemblyName":"Unity.Services.Core.Internal","nameSpace":"Unity.Services.Core.Internal","className":"UnityServicesInitializer","methodName":"EnableServicesInitializationAsync","loadTypes":0,"isUnityClass":true},{"assemblyName":"Unity.Services.Core.Registration","nameSpace":"Unity.Services.Core.Registration","className":"CorePackageInitializer","methodName":"InitializeOnLoad","loadTypes":1,"isUnityClass":true},{"assemblyName":"Unity.Splines","nameSpace":"","className":"__JobReflectionRegistrationOutput__8948392202760368656","methodName":"EarlyInit","loadTypes":2,"isUnityClass":true},{"assemblyName":"Unity.VisualScripting.Core","nameSpace":"Unity.VisualScripting","className":"RuntimeVSUsageUtility","methodName":"RuntimeInitializeOnLoadBeforeSceneLoad","loadTypes":1,"isUnityClass":true}]}
