{"root":[{"assemblyName":"Unity.2D.Animation.Runtime","nameSpace":"","className":"$BurstDirectCallInitializer","methodName":"Initialize","loadTypes":2,"isUnityClass":true},{"assemblyName":"Unity.2D.SpriteShape.Runtime","nameSpace":"","className":"$BurstDirectCallInitializer","methodName":"Initialize","loadTypes":2,"isUnityClass":true},{"assemblyName":"Unity.Collections","nameSpace":"","className":"$BurstDirectCallInitializer","methodName":"Initialize","loadTypes":2,"isUnityClass":true},{"assemblyName":"Unity.Mediation","nameSpace":"Unity.Services.Mediation","className":"MediationServiceInitializer","methodName":"Register","loadTypes":1,"isUnityClass":true},{"assemblyName":"Unity.Mediation","nameSpace":"Unity.Services.Mediation.Platform","className":"ThreadUtil","methodName":"Init","loadTypes":1,"isUnityClass":true},{"assemblyName":"Unity.RenderPipelines.Core.Runtime","nameSpace":"UnityEngine.Experimental.Rendering","className":"XRSystem","methodName":"XRSystemInit","loadTypes":3,"isUnityClass":true},{"assemblyName":"Unity.RenderPipelines.Core.Runtime","nameSpace":"UnityEngine.Rendering","className":"DebugUpdater","methodName":"RuntimeInit","loadTypes":0,"isUnityClass":true},{"assemblyName":"Unity.Services.Analytics","nameSpace":"","className":"Ua2CoreInitializeCallback","methodName":"Register","loadTypes":1,"isUnityClass":true},{"assemblyName":"Unity.Services.Core","nameSpace":"Unity.Services.Core","className":"UnityThreadUtils","methodName":"CaptureUnityThreadInfo","loadTypes":4,"isUnityClass":true},{"assemblyName":"Unity.Services.Core.Internal","nameSpace":"Unity.Services.Core.Internal","className":"TaskAsyncOperation","methodName":"SetScheduler","loadTypes":1,"isUnityClass":true},{"assemblyName":"Unity.Services.Core.Internal","nameSpace":"Unity.Services.Core.Internal","className":"UnityServicesInitializer","methodName":"CreateStaticInstance","loadTypes":2,"isUnityClass":true},{"assemblyName":"Unity.Services.Core.Internal","nameSpace":"Unity.Services.Core.Internal","className":"UnityServicesInitializer","methodName":"EnableServicesInitializationAsync","loadTypes":0,"isUnityClass":true},{"assemblyName":"Unity.Services.Core.Registration","nameSpace":"Unity.Services.Core.Registration","className":"CorePackageInitializer","methodName":"Register","loadTypes":1,"isUnityClass":true},{"assemblyName":"Unity.VisualScripting.Core","nameSpace":"Unity.VisualScripting","className":"RuntimeVSUsageUtility","methodName":"RuntimeInitializeOnLoadBeforeSceneLoad","loadTypes":1,"isUnityClass":true},{"assemblyName":"UnityEngine.Purchasing.Codeless","nameSpace":"UnityEngine.Purchasing","className":"CodelessIAPStoreListener","methodName":"InitializeCodelessPurchasingOnLoad","loadTypes":0,"isUnityClass":true},{"assemblyName":"UnityEngine.Purchasing.Stores","nameSpace":"UnityEngine.Purchasing.Registration","className":"IapCoreInitializeCallback","methodName":"Register","loadTypes":1,"isUnityClass":true}]}
