{
  "project_info": {
    "project_number": "131540864927",
    "firebase_url": "https://space-collector-f0942.firebaseio.com",
    "project_id": "space-collector-f0942",
    "storage_bucket": "space-collector-f0942.appspot.com"
  },
  "client": [
    {
      "client_info": {
        "mobilesdk_app_id": "1:131540864927:android:e85f38a6b28bb20ac677aa",
        "android_client_info": {
          "package_name": "com.ThoseGameDevs.SpaceCollector"
        }
      },
      "oauth_client": [],
      "api_key": [
        {
          "current_key": "AIzaSyCQ1uKGeQ6tg4iIYD7Nfyto0mffkeBK7V0"
        }
      ],
      "services": {
        "appinvite_service": {
          "other_platform_oauth_client": []
        }
      }
    }
  ],
  "configuration_version": "1"
}